label,count
Others,26514.360000000008
Media/Content,3600.4100000000003
Government,62983.07
Transportation & Logistics,9284.369999999999
Professional Services,299107.1499999998
Energy,1014.2
Media & Content,947962.5399999996
Finance,289633.8100000003
Manufacturing,5599.739999999999
Telecommunications,15263379.109999986
IT Infrastructure,390799.77
Healthcare,91168.73999999996
Other Industry,239986.16000000035
Research & Education,27413.190000000002
Energy & Manufacturing,57865.219999999994
